,Station1_name,Station1_NAPTAN,Station2_name,Station1_NAPTAN,Line,Distance,Running_Time,AM_peak_Running_Time,Inter_peak_Running_Time,total_flow,early_flow,aM_peak_flow,midday_flow,pM_Peak_flow,evening_flow,late_flow
0,Bond Street,940GZZLUBND,Bond Street:central,940GZZLUBND,Inter,0.0,2.0,2.0,2.0,0.0,0.0,0.0,0.0,0.0,0.0,0.0
2,Bond Street,940GZZLUBND,Bond Street:jubilee,940GZZLUBND,Inter,0.0,2.0,2.0,2.0,0.0,0.0,0.0,0.0,0.0,0.0,0.0
61,Bond Street,940GZZLUBND,Green Park,940GZZLUGPK,Walk,0.948783440925,13.0,13.0,13.0,0.0,0.0,0.0,0.0,0.0,0.0,0.0
62,Bond Street,940GZZLUBND,Marble Arch,940GZZLUMBA,Walk,0.646365439949,9.0,9.0,9.0,0.0,0.0,0.0,0.0,0.0,0.0,0.0
60,Bond Street,940GZZLUBND,Oxford Circus,940GZZLUOXC,Walk,0.550886437161,8.0,8.0,8.0,0.0,0.0,0.0,0.0,0.0,0.0,0.0
1,Bond Street:central,940GZZLUBND,Bond Street,940GZZLUBND,Inter,0.0,0.0,0.0,0.0,0.0,0.0,0.0,0.0,0.0,0.0,0.0
45,Bond Street:central,940GZZLUBND,Marble Arch:central,940GZZLUMBA,central,0.55,1.01666666667,1.66049385071,1.501953125,133271.0,3983.0,29494.0,29772.0,40095.0,20755.0,9172.0
39,Bond Street:central,940GZZLUBND,Oxford Circus:central,940GZZLUOXC,central,0.66,1.1,1.5,1.5,151556.0,4291.0,44689.0,39316.0,40609.0,16346.0,6305.0
3,Bond Street:jubilee,940GZZLUBND,Bond Street,940GZZLUBND,Inter,0.0,0.0,0.0,0.0,0.0,0.0,0.0,0.0,0.0,0.0,0.0
47,Bond Street:jubilee,940GZZLUBND,Green Park:jubilee,940GZZLUGPK,jubilee,1.37,1.78333333333,2.5,2.5,133016.0,5190.0,44056.0,32848.0,31919.0,13659.0,5345.0
63,Covent Garden,940GZZLUCGN,Charing Cross,940GZZLUCHX,Walk,0.662008167794,9.0,9.0,9.0,0.0,0.0,0.0,0.0,0.0,0.0,0.0
4,Covent Garden,940GZZLUCGN,Covent Garden:piccadilly,940GZZLUCGN,Inter,0.0,2.0,2.0,2.0,0.0,0.0,0.0,0.0,0.0,0.0,0.0
69,Covent Garden,940GZZLUCGN,Embankment,940GZZLUEMB,Walk,0.682363648213,10.0,10.0,10.0,0.0,0.0,0.0,0.0,0.0,0.0,0.0
67,Covent Garden,940GZZLUCGN,Holborn,940GZZLUHBN,Walk,0.569439722491,8.0,8.0,8.0,0.0,0.0,0.0,0.0,0.0,0.0,0.0
68,Covent Garden,940GZZLUCGN,Leicester Square,940GZZLULSQ,Walk,0.335168615571,5.0,5.0,5.0,0.0,0.0,0.0,0.0,0.0,0.0,0.0
65,Covent Garden,940GZZLUCGN,Piccadilly Circus,940GZZLUPCC,Walk,0.731144556365,10.0,10.0,10.0,0.0,0.0,0.0,0.0,0.0,0.0,0.0
64,Covent Garden,940GZZLUCGN,Temple,940GZZLUTMP,Walk,0.74168606897,10.0,10.0,10.0,0.0,0.0,0.0,0.0,0.0,0.0,0.0
66,Covent Garden,940GZZLUCGN,Tottenham Court Road,940GZZLUTCR,Walk,0.555371871825,8.0,8.0,8.0,0.0,0.0,0.0,0.0,0.0,0.0,0.0
5,Covent Garden:piccadilly,940GZZLUCGN,Covent Garden,940GZZLUCGN,Inter,0.0,0.0,0.0,0.0,0.0,0.0,0.0,0.0,0.0,0.0,0.0
53,Covent Garden:piccadilly,940GZZLUCGN,Holborn:piccadilly,940GZZLUHBN,piccadilly,0.59,1.4,1.5,1.5,99983.0,1407.0,15975.0,26904.0,29166.0,15640.0,10891.0
55,Covent Garden:piccadilly,940GZZLUCGN,Leicester Square:piccadilly,940GZZLULSQ,piccadilly,0.25,0.766666666667,1.0,1.0,108942.0,2979.0,26984.0,32637.0,27760.0,12603.0,5978.0
77,Green Park,940GZZLUGPK,Bond Street,940GZZLUBND,Walk,0.948783440925,13.0,13.0,13.0,0.0,0.0,0.0,0.0,0.0,0.0,0.0
6,Green Park,940GZZLUGPK,Green Park:jubilee,940GZZLUGPK,Inter,0.0,2.0,2.0,2.0,0.0,0.0,0.0,0.0,0.0,0.0,0.0
8,Green Park,940GZZLUGPK,Green Park:piccadilly,940GZZLUGPK,Inter,0.0,2.0,2.0,2.0,0.0,0.0,0.0,0.0,0.0,0.0,0.0
10,Green Park,940GZZLUGPK,Green Park:victoria,940GZZLUGPK,Inter,0.0,2.0,2.0,2.0,0.0,0.0,0.0,0.0,0.0,0.0,0.0
78,Green Park,940GZZLUGPK,Hyde Park Corner,940GZZLUHPC,Walk,0.797549739441,11.0,11.0,11.0,0.0,0.0,0.0,0.0,0.0,0.0,0.0
79,Green Park,940GZZLUGPK,Oxford Circus,940GZZLUOXC,Walk,0.922680899557,12.0,12.0,12.0,0.0,0.0,0.0,0.0,0.0,0.0,0.0
80,Green Park,940GZZLUGPK,Piccadilly Circus,940GZZLUPCC,Walk,0.71160784912,10.0,10.0,10.0,0.0,0.0,0.0,0.0,0.0,0.0,0.0
46,Green Park:jubilee,940GZZLUGPK,Bond Street:jubilee,940GZZLUBND,jubilee,1.37,1.81666666667,2.5,2.5,130316.0,3255.0,29427.0,30237.0,43131.0,17070.0,7196.0
7,Green Park:jubilee,940GZZLUGPK,Green Park,940GZZLUGPK,Inter,0.0,0.0,0.0,0.0,0.0,0.0,0.0,0.0,0.0,0.0,0.0
9,Green Park:piccadilly,940GZZLUGPK,Green Park,940GZZLUGPK,Inter,0.0,0.0,0.0,0.0,0.0,0.0,0.0,0.0,0.0,0.0,0.0
50,Green Park:piccadilly,940GZZLUGPK,Piccadilly Circus:piccadilly,940GZZLUPCC,piccadilly,0.56,1.1,1.5,1.5,106639.0,1829.0,22688.0,34035.0,30276.0,12730.0,5081.0
11,Green Park:victoria,940GZZLUGPK,Green Park,940GZZLUGPK,Inter,0.0,0.0,0.0,0.0,0.0,0.0,0.0,0.0,0.0,0.0,0.0
58,Green Park:victoria,940GZZLUGPK,Oxford Circus:victoria,940GZZLUOXC,victoria,1.14,1.96666666667,2.47435903549,2.02439022064,208392.0,5676.0,58260.0,53127.0,58124.0,22861.0,10344.0
95,Holborn,940GZZLUHBN,Chancery Lane,940GZZLUCHL,Walk,0.619915091414,9.0,9.0,9.0,0.0,0.0,0.0,0.0,0.0,0.0,0.0
96,Holborn,940GZZLUHBN,Covent Garden,940GZZLUCGN,Walk,0.569439722491,8.0,8.0,8.0,0.0,0.0,0.0,0.0,0.0,0.0,0.0
12,Holborn,940GZZLUHBN,Holborn:central,940GZZLUHBN,Inter,0.0,2.0,2.0,2.0,0.0,0.0,0.0,0.0,0.0,0.0,0.0
14,Holborn,940GZZLUHBN,Holborn:piccadilly,940GZZLUHBN,Inter,0.0,2.0,2.0,2.0,0.0,0.0,0.0,0.0,0.0,0.0,0.0
99,Holborn,940GZZLUHBN,Leicester Square,940GZZLULSQ,Walk,0.881798968878,12.0,12.0,12.0,0.0,0.0,0.0,0.0,0.0,0.0,0.0
100,Holborn,940GZZLUHBN,Russell Square,940GZZLURSQ,Walk,0.66546100999,9.0,9.0,9.0,0.0,0.0,0.0,0.0,0.0,0.0,0.0
97,Holborn,940GZZLUHBN,Temple,940GZZLUTMP,Walk,0.848390524847,12.0,12.0,12.0,0.0,0.0,0.0,0.0,0.0,0.0,0.0
98,Holborn,940GZZLUHBN,Tottenham Court Road,940GZZLUTCR,Walk,0.699541745538,10.0,10.0,10.0,0.0,0.0,0.0,0.0,0.0,0.0,0.0
13,Holborn:central,940GZZLUHBN,Holborn,940GZZLUHBN,Inter,0.0,0.0,0.0,0.0,0.0,0.0,0.0,0.0,0.0,0.0,0.0
42,Holborn:central,940GZZLUHBN,Tottenham Court Road:central,940GZZLUTCR,central,0.88,1.38333333333,1.75,1.75,174788.0,5726.0,41837.0,48067.0,49559.0,21837.0,7760.0
54,Holborn:piccadilly,940GZZLUHBN,Covent Garden:piccadilly,940GZZLUCGN,piccadilly,0.59,1.53333333333,2.0,2.0,108901.0,3451.0,29051.0,33896.0,27279.0,11274.0,3949.0
15,Holborn:piccadilly,940GZZLUHBN,Holborn,940GZZLUHBN,Inter,0.0,0.0,0.0,0.0,0.0,0.0,0.0,0.0,0.0,0.0,0.0
101,Leicester Square,940GZZLULSQ,Charing Cross,940GZZLUCHX,Walk,0.449346158667,7.0,7.0,7.0,0.0,0.0,0.0,0.0,0.0,0.0,0.0
102,Leicester Square,940GZZLULSQ,Covent Garden,940GZZLUCGN,Walk,0.335168615571,5.0,5.0,5.0,0.0,0.0,0.0,0.0,0.0,0.0,0.0
107,Leicester Square,940GZZLULSQ,Embankment,940GZZLUEMB,Walk,0.625102883954,9.0,9.0,9.0,0.0,0.0,0.0,0.0,0.0,0.0,0.0
106,Leicester Square,940GZZLULSQ,Holborn,940GZZLUHBN,Walk,0.881798968878,12.0,12.0,12.0,0.0,0.0,0.0,0.0,0.0,0.0,0.0
16,Leicester Square,940GZZLULSQ,Leicester Square:northern,940GZZLULSQ,Inter,0.0,2.0,2.0,2.0,0.0,0.0,0.0,0.0,0.0,0.0,0.0
18,Leicester Square,940GZZLULSQ,Leicester Square:piccadilly,940GZZLULSQ,Inter,0.0,2.0,2.0,2.0,0.0,0.0,0.0,0.0,0.0,0.0,0.0
104,Leicester Square,940GZZLULSQ,Piccadilly Circus,940GZZLUPCC,Walk,0.400473221374,6.0,6.0,6.0,0.0,0.0,0.0,0.0,0.0,0.0,0.0
103,Leicester Square,940GZZLULSQ,Temple,940GZZLUTMP,Walk,0.981554481772,13.0,13.0,13.0,0.0,0.0,0.0,0.0,0.0,0.0,0.0
105,Leicester Square,940GZZLULSQ,Tottenham Court Road,940GZZLUTCR,Walk,0.577175288474,8.0,8.0,8.0,0.0,0.0,0.0,0.0,0.0,0.0,0.0
17,Leicester Square:northern,940GZZLULSQ,Leicester Square,940GZZLULSQ,Inter,0.0,0.0,0.0,0.0,0.0,0.0,0.0,0.0,0.0,0.0,0.0
48,Leicester Square:northern,940GZZLULSQ,Tottenham Court Road:northern,940GZZLUTCR,northern,0.4,1.03333333333,1.5,1.5,77352.0,1345.0,20238.0,19983.0,20240.0,9642.0,5903.0
52,Leicester Square:piccadilly,940GZZLULSQ,Covent Garden:piccadilly,940GZZLUCGN,piccadilly,0.25,0.766666666667,1.0,1.01171875,102257.0,1515.0,17802.0,29725.0,29431.0,14554.0,9229.0
19,Leicester Square:piccadilly,940GZZLULSQ,Leicester Square,940GZZLULSQ,Inter,0.0,0.0,0.0,0.0,0.0,0.0,0.0,0.0,0.0,0.0,0.0
56,Leicester Square:piccadilly,940GZZLULSQ,Piccadilly Circus:piccadilly,940GZZLUPCC,piccadilly,0.49,1.06666666667,1.5,1.5,111787.0,2761.0,25659.0,32001.0,28483.0,14722.0,8161.0
108,Marble Arch,940GZZLUMBA,Bond Street,940GZZLUBND,Walk,0.646365439949,9.0,9.0,9.0,0.0,0.0,0.0,0.0,0.0,0.0,0.0
109,Marble Arch,940GZZLUMBA,Edgware Road,940GZZLUERB,Walk,0.943325877621,13.0,13.0,13.0,0.0,0.0,0.0,0.0,0.0,0.0,0.0
20,Marble Arch,940GZZLUMBA,Marble Arch:central,940GZZLUMBA,Inter,0.0,2.0,2.0,2.0,0.0,0.0,0.0,0.0,0.0,0.0,0.0
38,Marble Arch:central,940GZZLUMBA,Bond Street:central,940GZZLUBND,central,0.55,1.0,1.25,1.25,136671.0,4477.0,44339.0,34460.0,34464.0,13289.0,5642.0
21,Marble Arch:central,940GZZLUMBA,Marble Arch,940GZZLUMBA,Inter,0.0,0.0,0.0,0.0,0.0,0.0,0.0,0.0,0.0,0.0,0.0
70,Oxford Circus,940GZZLUOXC,Bond Street,940GZZLUBND,Walk,0.550886437161,8.0,8.0,8.0,0.0,0.0,0.0,0.0,0.0,0.0,0.0
75,Oxford Circus,940GZZLUOXC,Goodge Street,940GZZLUGDG,Walk,0.793688387382,11.0,11.0,11.0,0.0,0.0,0.0,0.0,0.0,0.0,0.0
73,Oxford Circus,940GZZLUOXC,Great Portland Street,940GZZLUGPS,Walk,0.972164874845,13.0,13.0,13.0,0.0,0.0,0.0,0.0,0.0,0.0,0.0
71,Oxford Circus,940GZZLUOXC,Green Park,940GZZLUGPK,Walk,0.922680899557,12.0,12.0,12.0,0.0,0.0,0.0,0.0,0.0,0.0,0.0
22,Oxford Circus,940GZZLUOXC,Oxford Circus:bakerloo,940GZZLUOXC,Inter,0.0,2.0,2.0,2.0,0.0,0.0,0.0,0.0,0.0,0.0,0.0
24,Oxford Circus,940GZZLUOXC,Oxford Circus:central,940GZZLUOXC,Inter,0.0,2.0,2.0,2.0,0.0,0.0,0.0,0.0,0.0,0.0,0.0
26,Oxford Circus,940GZZLUOXC,Oxford Circus:victoria,940GZZLUOXC,Inter,0.0,2.0,2.0,2.0,0.0,0.0,0.0,0.0,0.0,0.0,0.0
72,Oxford Circus,940GZZLUOXC,Piccadilly Circus,940GZZLUPCC,Walk,0.803731098046,11.0,11.0,11.0,0.0,0.0,0.0,0.0,0.0,0.0,0.0
76,Oxford Circus,940GZZLUOXC,Regents Park,940GZZLURGP,Walk,0.956309166619,13.0,13.0,13.0,0.0,0.0,0.0,0.0,0.0,0.0,0.0
74,Oxford Circus,940GZZLUOXC,Tottenham Court Road,940GZZLUTCR,Walk,0.80668087867,11.0,11.0,11.0,0.0,0.0,0.0,0.0,0.0,0.0,0.0
23,Oxford Circus:bakerloo,940GZZLUOXC,Oxford Circus,940GZZLUOXC,Inter,0.0,0.0,0.0,0.0,0.0,0.0,0.0,0.0,0.0,0.0,0.0
37,Oxford Circus:bakerloo,940GZZLUOXC,Piccadilly Circus:bakerloo,940GZZLUPCC,bakerloo,0.97,1.95,2.48412704468,2.48412704468,77226.0,1917.0,21297.0,21638.0,20522.0,8897.0,2953.0
44,Oxford Circus:central,940GZZLUOXC,Bond Street:central,940GZZLUBND,central,0.66,1.03333333333,1.25,1.25,144080.0,4282.0,32751.0,36330.0,41071.0,20820.0,8826.0
25,Oxford Circus:central,940GZZLUOXC,Oxford Circus,940GZZLUOXC,Inter,0.0,0.0,0.0,0.0,0.0,0.0,0.0,0.0,0.0,0.0,0.0
40,Oxford Circus:central,940GZZLUOXC,Tottenham Court Road:central,940GZZLUTCR,central,0.58,0.983333333333,1.5,1.5,179617.0,4498.0,49935.0,48869.0,48992.0,19568.0,7756.0
59,Oxford Circus:victoria,940GZZLUOXC,Green Park:victoria,940GZZLUGPK,victoria,1.14,1.78333333333,2.0,2.03658533096,195874.0,7546.0,51109.0,45863.0,51042.0,29082.0,11232.0
27,Oxford Circus:victoria,940GZZLUOXC,Oxford Circus,940GZZLUOXC,Inter,0.0,0.0,0.0,0.0,0.0,0.0,0.0,0.0,0.0,0.0,0.0
81,Piccadilly Circus,940GZZLUPCC,Charing Cross,940GZZLUCHX,Walk,0.538542657969,8.0,8.0,8.0,0.0,0.0,0.0,0.0,0.0,0.0,0.0
82,Piccadilly Circus,940GZZLUPCC,Covent Garden,940GZZLUCGN,Walk,0.731144556365,10.0,10.0,10.0,0.0,0.0,0.0,0.0,0.0,0.0,0.0
87,Piccadilly Circus,940GZZLUPCC,Embankment,940GZZLUEMB,Walk,0.839447227489,11.0,11.0,11.0,0.0,0.0,0.0,0.0,0.0,0.0,0.0
84,Piccadilly Circus,940GZZLUPCC,Green Park,940GZZLUGPK,Walk,0.71160784912,10.0,10.0,10.0,0.0,0.0,0.0,0.0,0.0,0.0,0.0
86,Piccadilly Circus,940GZZLUPCC,Leicester Square,940GZZLULSQ,Walk,0.400473221374,6.0,6.0,6.0,0.0,0.0,0.0,0.0,0.0,0.0,0.0
83,Piccadilly Circus,940GZZLUPCC,Oxford Circus,940GZZLUOXC,Walk,0.803731098046,11.0,11.0,11.0,0.0,0.0,0.0,0.0,0.0,0.0,0.0
28,Piccadilly Circus,940GZZLUPCC,Piccadilly Circus:bakerloo,940GZZLUPCC,Inter,0.0,2.0,2.0,2.0,0.0,0.0,0.0,0.0,0.0,0.0,0.0
30,Piccadilly Circus,940GZZLUPCC,Piccadilly Circus:piccadilly,940GZZLUPCC,Inter,0.0,2.0,2.0,2.0,0.0,0.0,0.0,0.0,0.0,0.0,0.0
85,Piccadilly Circus,940GZZLUPCC,Tottenham Court Road,940GZZLUTCR,Walk,0.746972793585,10.0,10.0,10.0,0.0,0.0,0.0,0.0,0.0,0.0,0.0
36,Piccadilly Circus:bakerloo,940GZZLUPCC,Oxford Circus:bakerloo,940GZZLUOXC,bakerloo,0.97,2.01666666667,2.19047617912,2.19047617912,79567.0,1332.0,16860.0,19291.0,22463.0,11972.0,7649.0
29,Piccadilly Circus:bakerloo,940GZZLUPCC,Piccadilly Circus,940GZZLUPCC,Inter,0.0,0.0,0.0,0.0,0.0,0.0,0.0,0.0,0.0,0.0,0.0
57,Piccadilly Circus:piccadilly,940GZZLUPCC,Green Park:piccadilly,940GZZLUGPK,piccadilly,0.56,1.18333333333,1.5,1.5,112582.0,2390.0,23122.0,30715.0,30048.0,16706.0,9603.0
51,Piccadilly Circus:piccadilly,940GZZLUPCC,Leicester Square:piccadilly,940GZZLULSQ,piccadilly,0.49,1.16666666667,1.5,1.5,103290.0,1551.0,19105.0,31703.0,30630.0,13859.0,6441.0
31,Piccadilly Circus:piccadilly,940GZZLUPCC,Piccadilly Circus,940GZZLUPCC,Inter,0.0,0.0,0.0,0.0,0.0,0.0,0.0,0.0,0.0,0.0,0.0
88,Tottenham Court Road,940GZZLUTCR,Covent Garden,940GZZLUCGN,Walk,0.555371871825,8.0,8.0,8.0,0.0,0.0,0.0,0.0,0.0,0.0,0.0
93,Tottenham Court Road,940GZZLUTCR,Goodge Street,940GZZLUGDG,Walk,0.538729468439,8.0,8.0,8.0,0.0,0.0,0.0,0.0,0.0,0.0,0.0
91,Tottenham Court Road,940GZZLUTCR,Holborn,940GZZLUHBN,Walk,0.699541745538,10.0,10.0,10.0,0.0,0.0,0.0,0.0,0.0,0.0,0.0
92,Tottenham Court Road,940GZZLUTCR,Leicester Square,940GZZLULSQ,Walk,0.577175288474,8.0,8.0,8.0,0.0,0.0,0.0,0.0,0.0,0.0,0.0
89,Tottenham Court Road,940GZZLUTCR,Oxford Circus,940GZZLUOXC,Walk,0.80668087867,11.0,11.0,11.0,0.0,0.0,0.0,0.0,0.0,0.0,0.0
90,Tottenham Court Road,940GZZLUTCR,Piccadilly Circus,940GZZLUPCC,Walk,0.746972793585,10.0,10.0,10.0,0.0,0.0,0.0,0.0,0.0,0.0,0.0
94,Tottenham Court Road,940GZZLUTCR,Russell Square,940GZZLURSQ,Walk,0.852257417355,12.0,12.0,12.0,0.0,0.0,0.0,0.0,0.0,0.0,0.0
32,Tottenham Court Road,940GZZLUTCR,Tottenham Court Road:central,940GZZLUTCR,Inter,0.0,2.0,2.0,2.0,0.0,0.0,0.0,0.0,0.0,0.0,0.0
34,Tottenham Court Road,940GZZLUTCR,Tottenham Court Road:northern,940GZZLUTCR,Inter,0.0,2.0,2.0,2.0,0.0,0.0,0.0,0.0,0.0,0.0,0.0
41,Tottenham Court Road:central,940GZZLUTCR,Holborn:central,940GZZLUHBN,central,0.88,1.63333333333,2.21283793449,2.005859375,185495.0,4063.0,48061.0,47612.0,53845.0,22123.0,9791.0
43,Tottenham Court Road:central,940GZZLUTCR,Oxford Circus:central,940GZZLUOXC,central,0.58,1.01666666667,1.5,1.5,166052.0,4918.0,36264.0,45263.0,48669.0,22127.0,8811.0
33,Tottenham Court Road:central,940GZZLUTCR,Tottenham Court Road,940GZZLUTCR,Inter,0.0,0.0,0.0,0.0,0.0,0.0,0.0,0.0,0.0,0.0,0.0
49,Tottenham Court Road:northern,940GZZLUTCR,Leicester Square:northern,940GZZLULSQ,northern,0.4,0.983333333333,1.0,1.0,73923.0,1368.0,15298.0,19440.0,23233.0,9711.0,4872.0
35,Tottenham Court Road:northern,940GZZLUTCR,Tottenham Court Road,940GZZLUTCR,Inter,0.0,0.0,0.0,0.0,0.0,0.0,0.0,0.0,0.0,0.0,0.0
